{"RT":[0.449029,1.080919,1.2877915,0.343059,1.1637593,0.4169394,0.275186,1.6036457,0.2951901,0.5107445,1.6290323,0.951091,0.3644828,0.4249122,0.3874191,0.6868581,0.3350142,0.3488607,0.2502601,0.2350509,0.708653,0.2522192,0.2615698,0.8706327,0.2545395,0.2719482,0.3044458,0.6552544,0.2250805,0.2910544,0.2433026,0.3328078,0.2579347,0.243313,0.3252389,1.355896,0.2181074,0.2672898,0.2199131,0.2864671,0.23099,0.2164221,0.2752401,0.2836927,0.2436835,0.2371599,0.2704836,1.2631378,0.2638307,0.1365128,0.2776702,0.5583869,0.4193333,0.2705986,0.2868636,0.5271629,0.2839348,0.316492,0.2749729,1.6908226,0.4027247,0.2703994,0.2548094,0.5522683,0.365359,1.7139014,0.3200485,0.2705039,0.311596,0.2379504,1.720506,0.2459179,0.2872256,0.2795333,0.287758,0.2537044,0.2559126,0.2090956],"ans":[1,1,1,1,0,0,0,0,1,0,0,0,0,0,0,0,0,0,0,0,1,0,0,0,0,0,0,1,0,0,0,0,0,0,0,1,0,0,0,0,0,0,0,0,0,0,0,1,0,0,0,1,0,0,0,0,0,0,0,1,0,1,0,0,0,0,0,1,0,0,1,0,0,0,0,0,0,0],"selected":11}