{"RT":[2.1449823,3.117397,2.4435138,2.3810392,0.6478285,1.4017447,1.2693665,1.2453996,0.9668799,0.8832631,1.3073329,1.1779775,1.1812838,1.3774564,1.1326092,0.6182078,0.837463,0.6707913,0.5918232,0.7161389,0.6584554,2.6367242,0.6691223,0.3650574,0.6897127,0.4495272,0.4592498,0.5330061,0.4264272,0.5804587,0.3679626,0.4134283,0.7356639,0.3174123,0.3646139,0.3690382,0.2925589,0.4458646,0.3109148,0.2621834,0.6948031,0.9662324,0.5709081,0.447423,1.4087113,0.3482147,1.3054137,0.3523776,1.5500193,0.3072623,0.3221683,0.241733,0.3867024,0.3102328,0.2296755,0.3515262,0.2525741,0.4058025,0.3531164,0.2622472,0.7834472,0.0510029,0.6292253,0.7189186,1.0128105,0.4476427,1.0328588,0.339,0.2495281,0.3622148,0.4947807,0.6865579,0.3341533,0.3083555,0.6106791,0.3254728,0.2600548,0.4529679],"ans":[0,0,0,0,1,1,1,1,0,0,0,0,0,0,0,0,0,0,0,0,0,1,0,1,0,0,0,0,0,0,0,0,0,0,0,0,0,1,0,0,0,0,0,0,1,0,1,0,1,0,0,0,0,0,0,0,0,0,1,0,0,0,0,0,1,0,1,0,0,0,0,0,1,0,0,1,0,0],"selected":4}