{"RT":[1.2618531,0.2778758,0.0003045,0.0003407,0.0516982,0.000318,0.000248,0.2752409,0.0002536,0.4856879,0.0857861,0.6299011,0.0005026,1.1464346,0.3596591,0.0291634,0.335071,0.0002873,0.0002502,0.0002665,0.0002708,0.6023167,0.0002546,0.0002567,0.4193608,0.0543607,0.0002533,0.0002745,0.9974236,0.0003044,0.0002478,0.000249,1.4509811,0.0203243,0.0005036,0.0002515,0.0002566,1.0155683,0.0002469,0.486546,0.0002653,0.0002952,0.000255,0.0002561,0.0002525,0.0002778,0.0002493,0.0002559,0.0003045,0.0003374,0.0002495,0.000251,0.000253,0.7283779,0.0002964,0.000373,0.000254,0.7350412,0.0002533,0.887432,0.4236813,0.000249,1.1092997,0.7727349,0.5534779,0.0002514,0.6902342,0.0002934,0.1173592,0.5402177,0.0420111,1.4438836,0.0002537,2.5285541,0.2300986,0.0002482,0.0002566,0.877996],"ans":[1,1,1,1,1,1,1,0,1,0,0,0,0,0,0,0,0,0,0,0,0,1,0,0,0,0,0,0,0,0,0,0,1,0,0,0,0,1,0,0,0,0,0,0,0,0,0,0,0,0,0,0,0,0,0,0,0,0,0,0,0,0,1,1,1,0,0,1,0,1,0,0,0,0,0,0,0,0],"selected":11}