{"RT":[3.15711,5.0260075,0.9710475,1.2001058,0.5466296,0.2560302,0.0639844,0.8732739,1.3459095,0.9273562,0.3891565,2.1930743,0.1323337,1.9144443,0.3845646,0.6529939,0.4695691,0.8700347,0.846723,1.3126981,0.3582363,0.4515168,0.7006827,1.7085721,1.8912975,2.8035682,0.3665758,2.8034289,0.28696,0.4784906,0.5026658,0.9100943,2.2607033,0.3091912,2.7404129,0.2023516,0.3890936,0.4170909,0.5237974,0.4185506,0.9736511,1.6090606,2.1004186,0.2597644,0.000246,0.7122709,2.7343516,0.8914847,0.1957108,0.4152117,0.2977685,0.3526523,0.3421142,1.812003,0.2069028,0.5541795,0.1986499,1.5139062,1.3605246,0.4296881,0.118439,1.925492,0.3240614,0.0002531,0.0002557,0.2972249,1.4325348,0.5865698,0.4702199,0.3190791,0.7100441,0.1173355,0.3237566,0.1456316,0.3111773,1.6705694,0.5191686,0.0536452],"ans":[1,1,0,1,1,0,0,1,0,0,1,0,1,1,1,1,1,0,1,0,0,1,0,1,0,1,1,1,1,1,1,0,0,1,0,1,1,0,0,1,1,1,1,1,1,0,1,1,0,0,0,0,0,0,0,0,0,0,0,0,0,0,0,1,1,0,1,0,0,0,1,0,0,0,0,0,0,0],"selected":1}