{"RT":[1.1025834,0.4281224,0.4218697,0.4561755,0.5610401,0.4773854,0.3416808,0.403373,0.3747537,0.3791666,0.4715039,0.471866,0.4408903,0.4026209,0.3411456,0.7554937,0.3523537,0.4057347,0.4809014,0.5930412,0.4535492,0.3745456,0.3634928,0.4077071,0.2670636,0.2910282,0.6269523,0.3248987,0.4118103,0.3982943,0.5369885,0.215021,0.5539578,0.3346069,0.4687189,0.0696569,0.3099706,0.3495973,0.5467285,0.3842245,0.4040126,0.3592936,0.3967034,0.328047,0.3972645,0.7043525,0.4952581,0.526787,0.5095126,0.3416392,0.4342949,0.2921339,0.3639999,0.2891233,0.544354,0.3494669,0.3703464,0.3030741,0.4310002,0.4002435,0.4198752,0.5022456,0.3013447,0.3332841,0.3068411,0.3465218,0.3354643,0.5566411,0.394254,0.4297322,0.3756942,1.0921714,0.4679783,0.3409813,0.3866151,0.3832768,0.3385335,0.3206358],"ans":[1,1,1,1,0,0,0,0,0,0,0,0,1,0,0,0,0,0,1,0,0,0,0,0,0,0,0,0,0,0,0,0,0,1,0,0,0,0,0,0,0,0,0,0,0,0,0,0,0,0,0,0,0,0,0,0,0,0,0,0,1,0,0,1,0,0,0,0,0,0,0,0,0,0,1,0,0,0],"selected":1}