{"RT":[1.5602434,1.7875197,1.5189054,1.0867298,1.4604731,0.7810528,1.1043833,0.8237072,1.145421,0.6869188,0.7912788,0.770796,0.6473445,0.3931495,0.7407363,1.4026372,0.9981491,0.9046959,0.7597779,1.0375391,0.8473758,0.6248349,0.8032098,0.6867943,0.6545782,0.6482561,0.4336915,0.4833564,0.7631788,0.5837054,0.5312365,0.5053711,0.4485125,0.4815981,0.6421421,0.4995091,0.378422,0.4944,0.4779146,0.7819598,0.3213185,0.5038301,2.815119,0.8333857,0.9795667,0.9596391,0.6121191,0.518831,0.7173122,0.5563305,0.752929,1.6858125,0.9501338,0.0594276,0.5479058,0.2015412,0.3566658,0.0740505,1.0347223,0.5647652,2.801583,0.6932216,0.8278322,0.6615812,0.7912467,0.7223713,0.5532464,0.4862614,0.4779002,0.3576983,0.3873385,0.4223942,0.5292859,0.3750389,0.331379,0.3378176,0.503425,0.399301],"ans":[1,1,1,1,1,1,1,1,1,1,1,1,1,1,1,1,1,1,1,1,1,1,1,1,1,1,1,1,1,1,1,1,1,1,1,1,1,1,1,1,1,1,1,1,1,1,1,1,1,1,1,1,1,1,1,1,1,1,1,1,0,0,0,0,0,0,0,0,0,0,0,0,0,0,0,0,1,0],"selected":4}