{"RT":[0.2762575,0.2032311,1.014151,0.1191527,0.0004438,0.2880998,0.0875262,0.0867032,0.117283,0.0593216,0.3878432,0.1113921,0.1499461,0.090204,0.1211655,0.2390857,0.1367127,0.1418088,0.0192543,0.140793,0.1463599,0.190916,0.2261612,0.3724723,0.3520127,0.3485795,0.7934447,0.2122502,0.2381666,0.2476487,0.240457,0.361855,0.253509,0.1745943,0.0580801,0.0516758,0.0033909,0.0860546,0.10893,0.1396314,0.162053,0.1173437,0.1473595,0.0002744,0.0506272,0.0274733,0.0452662,0.000295,0.1371496,0.9749771,0.010657,0.1007812,0.0671341,0.155072,0.0719835,0.0476783,0.0962864,0.1831221,0.330586,0.0475276,0.0486567,0.1770407,0.0443409,0.3014061,0.0352923,0.0442588,0.000314,0.0233443,0.0740039,0.081623,0.1289311,0.1019046,0.0772995,0.0767858,0.0206191,0.055219,0.0555233,0.0078397],"ans":[1,0,0,0,0,0,0,0,0,0,0,1,0,1,0,0,0,0,0,0,0,0,0,0,0,0,0,0,0,0,0,0,0,0,0,0,0,0,0,0,0,0,0,0,0,1,0,0,0,1,0,0,0,1,0,0,0,1,0,0,0,0,0,0,0,0,1,0,0,0,0,0,0,0,0,0,0,0],"selected":6}