{"RT":[0.552061,0.772441,0.5843257,2.6913332,0.4665421,0.3701435,0.3736242,0.3382884,0.3994905,0.8662975,0.4578005,0.258691,0.1709229,0.1671416,0.2513394,0.2517911,0.204873,0.287234,0.2309202,0.2639202,0.0640655,0.2637974,0.191678,0.203139,0.2134295,0.7358601,0.2777251,0.0995289,0.2599036,0.2526205,0.2449034,0.1971228,0.1845948,0.1636377,0.5514028,0.1880888,0.2155762,0.1131935,0.245073,0.1920459,0.2269899,0.1481454,0.2085059,0.1476211,0.4000743,0.2906811,0.434104,0.1396021,0.0567493,0.0584122,0.0002706,0.1088817,0.0915101,0.1225767,0.1049762,0.0630314,0.1995809,0.1789781,0.173881,0.1055924,0.0164998,0.0103485,0.4128536,0.1186919,0.052829,0.5734241,0.6489867,0.2096596,0.2443673,0.2058195,0.2256959,0.1940286,0.0450601,0.1578534,0.1222549,0.0963047,0.351782,0.1559617],"ans":[1,1,1,1,1,1,1,0,1,1,1,0,0,1,0,1,0,0,1,0,0,1,1,1,0,1,0,0,0,0,0,1,0,0,0,0,0,1,0,0,0,0,0,0,0,0,0,0,0,0,0,0,0,0,0,0,0,0,0,0,0,0,0,1,0,0,1,0,0,0,0,1,0,0,0,0,0,0],"selected":11}