{"RT":[1.8498363,0.8980836,0.9203782,1.0546784,0.9672399,1.5390606,1.5444177,0.549895,1.9063656,1.6088828,1.7548772,1.6077413,0.9546399,1.1507254,1.6118628,0.9813727,0.6249449,0.8114645,0.7567275,2.2178801,0.4754266,1.083505,1.1068949,0.6335496,0.394895,0.5431348,0.6587389,0.6031868,0.4537509,0.6706471,1.0066424,0.3615466,0.5411888,0.5304919,0.392323,1.7394495,0.6004541,0.650907,0.2916914,0.2031306,0.7974116,0.4967448,0.9734472,0.4436951,1.203673,0.2708973,0.4545033,0.247284,0.44779,0.680117,0.4474835,0.8007644,0.9148514,0.3928832,0.3802873,0.3915168,1.0436137,0.3639075,0.5592915,0.4114674,0.9414068,0.3946217,1.1423591,1.0833108,0.803424,0.5894344,3.1276468,0.2860928,0.7581006,0.4015259,0.3404771,0.0015523,0.0370102,0.2296324,0.3751566,0.3394113,0.3764129,0.1155411],"ans":[1,1,1,1,1,1,1,1,1,1,1,1,1,0,1,1,1,0,1,0,1,0,0,0,1,1,1,0,1,0,0,1,0,1,1,0,0,0,1,1,1,0,0,1,0,1,1,0,0,0,1,0,1,0,0,0,0,1,0,0,1,0,0,0,1,1,0,0,1,1,1,0,0,0,0,0,1,0],"selected":10}