{"RT":[1.5307407,0.8407681,0.6641095,0.4964285,0.3908412,0.6188657,0.4522824,1.0769812,0.8604835,0.7481016,0.7209132,0.3756076,0.7861112,0.629365,0.7990669,0.8412829,0.4990493,0.6090147,0.5321368,0.8245001,0.4511119,0.6112173,0.7812336,0.9690767,0.3407124,0.3139734,0.480111,0.2952757,0.2936979,0.3730643,0.6002211,0.3935804,0.5015266,0.4443942,0.5889801,0.5208062,0.7342646,0.5697576,0.5438038,0.4601562,0.5643115,0.6723348,0.2964605,0.3513018,0.7876706,0.2626105,0.8707188,0.4068133,0.8337737,0.3466848,0.5344443,0.3721663,0.3444293,0.4534561,0.7660875,0.3691006,0.5261689,0.4031341,0.3091511,0.4123668,0.5506814,0.6597481,0.5794111,0.3424963,0.3795239,0.278945,0.4687234,0.3671172,0.2901775,0.4102988,0.9316668,0.744961,0.2615769,0.621616,0.7999707,0.7152033,0.6007638,0.6990194],"ans":[1,1,1,1,0,0,0,0,0,0,0,1,1,1,1,1,1,0,1,1,0,0,0,1,0,0,1,0,1,0,0,0,1,1,1,1,1,1,1,0,1,1,1,1,0,1,0,1,0,0,0,0,1,1,0,0,0,0,0,0,0,1,1,0,0,0,1,0,0,1,1,1,0,0,1,1,1,1],"selected":9}