{"RT":[1.1745049,1.1947698,1.5329537,1.3620847,1.5982582,0.5529394,1.4454715,0.9101564,0.7088013,0.7156071,0.3933483,0.8680529,1.2678858,2.1561341,1.4966224,0.6231626,1.1306624,1.0543199,0.8232989,0.3450097,0.8617608,1.0301894,0.9833349,1.0984725,0.8890664,1.1015318,0.9086508,0.6510724,1.9800017,0.6949548,0.6450966,0.8141463,1.1446041,1.4519435,0.6454946,0.6781511,0.3980375,1.7281858,0.5339926,2.2665244,1.3943951,1.397481,0.5123663,0.000328,0.0002538,0.7551104,0.5199469,0.8704388,0.5817325,0.6652666,2.513006,0.5833071,0.6344776,1.2437871,1.4445964,0.6691982,0.3891919,0.7845618,1.0759318,0.9634532,1.1674573,0.835667,0.8128885,0.7672933,0.5468917,1.8232718,0.6418888,0.706802,2.385612,0.2049578,0.3915024,1.7303854,0.5680724,0.4362421,0.3741184,0.4095031,2.2033997,0.4863031],"ans":[1,0,1,1,1,1,1,0,1,1,0,0,1,0,1,1,1,0,0,0,1,1,1,1,0,0,1,1,1,0,1,1,1,1,0,1,1,1,0,1,0,0,0,0,0,1,1,1,1,1,1,1,1,1,0,1,1,1,0,1,0,0,0,1,0,0,1,1,1,0,0,0,0,0,0,1,0,0],"selected":1}