{"RT":[1.9889483,0.2640222,0.8799535,1.0073164,1.1857417,0.9489091,1.0496713,1.0264484,0.1803247,0.863625,0.9117057,0.2693708,0.8133764,0.8959588,1.1260455,0.7001093,0.6667771,0.6353313,0.6441171,0.5968347,0.5512445,1.0281106,0.9657367,0.705506,0.7920339,0.5951639,0.8377668,0.7031882,0.6219025,1.4560343,0.8966731,1.0230396,1.457097,0.8256358,0.9397944,3.4576247,1.1696956,0.8698021,0.9417043,1.3950122,0.0003295,0.7523612,0.8769277,1.0044601,2.5992828,0.5538352,2.7821949,0.6013692,0.660136,0.5164366,0.9462833,0.5909834,1.2903574,0.4419953,0.5867202,1.6159485,0.7678188,0.6522132,1.012651,1.5266776,1.05245,1.7091215,1.2917649,0.5232691,1.6332605,1.402375,0.7091457,0.4917589,1.8031584,3.9256688,2.7558611,1.1123014,1.7748567,0.6828266,1.2813271,1.3206895,0.7106665,4.6609107],"ans":[0,0,0,0,0,0,0,0,0,0,0,0,0,0,0,0,0,0,0,0,0,0,0,0,0,0,0,0,0,0,0,0,0,0,0,0,1,1,1,0,1,1,1,1,1,0,0,1,1,1,0,0,0,1,1,1,1,1,1,0,1,0,0,0,1,1,0,0,1,1,0,1,0,0,0,0,0,1],"selected":3}