{"RT":[3.4906615,1.1538268,1.1748657,0.4510766,0.6836352,0.6130275,1.5023122,0.6216449,0.4407218,0.7063869,0.3533986,0.3668235,0.5557316,0.3924378,0.35626,0.3539765,0.1909489,0.3230423,0.4725917,0.4895401,0.4181938,0.363907,0.321021,0.3824641,0.3547627,0.2959326,0.3592733,0.3170307,0.387551,0.4073462,0.3460785,0.5514989,0.3327504,0.3704364,0.3276885,0.3011375,0.3485154,0.3458098,0.3109709,0.3656937,0.3777842,0.3417208,0.3162185,0.3141357,0.4090596,0.3726492,0.3284066,0.3986188,0.3613105,0.3742361,0.3063363,0.3295951,0.3273537,0.42949,0.287522,0.2870546,0.3187443,0.309478,0.443961,0.3973872,0.3286063,0.4142037,0.2727484,0.7211671,0.3598177,0.2686563,0.5174755,0.2838431,0.4522329,0.269568,0.2137341,1.8811272,0.3605651,0.3412471,0.2673925,0.1960117,0.2630948,0.3117009],"ans":[0,0,1,0,0,0,1,0,1,0,0,1,0,0,0,0,1,0,0,0,0,0,0,0,0,0,0,0,0,0,0,0,0,0,0,0,0,0,0,0,0,0,0,0,0,0,0,0,0,0,0,0,0,0,0,0,0,0,0,0,0,0,1,1,0,0,1,0,1,0,0,0,0,0,0,0,0,0],"selected":1}