{"RT":[0.0004259,0.3227028,0.2888004,0.2636849,0.3364322,0.286865,0.3504017,0.4830345,0.387276,0.3755056,0.501172,0.299076,0.450919,0.5397048,0.2812671,0.3049131,0.3521109,0.3019757,0.2443689,0.3102611,0.2528068,0.2060513,0.3055929,0.3132501,0.2076145,0.2180526,0.2447511,0.3178464,0.2599557,0.2609027,0.2933749,0.2446337,0.3260676,0.2847731,0.3807301,0.2246678,0.2665519,0.2111452,0.2613259,0.1746588,0.274386,0.3234877,0.2738084,0.4348857,0.2529846,0.2377195,0.2316008,0.289066,0.2651922,0.2578453,0.4508194,0.2836357,0.2516737,0.2932563,0.3251902,0.2835199,0.274836,0.2354504,0.5013025,0.4205184,0.2786716,0.2453442,0.2470475,0.3117437,0.2383175,0.1754908,0.2922822,0.2763134,0.2531767,0.5265842,0.2926816,0.2765878,0.2603373,0.2054884,0.2559871,0.377805,0.2695131,0.5258747],"ans":[1,0,0,0,0,0,0,0,0,0,0,0,1,0,0,0,1,0,0,0,0,0,1,0,0,0,0,1,0,0,0,0,0,0,0,0,0,0,0,0,0,0,0,0,0,0,0,0,0,0,0,0,0,0,0,0,0,0,0,1,0,0,0,0,0,0,0,0,0,1,0,0,0,0,0,0,0,0],"selected":10}