{"RT":[1.3645775,1.9120441,1.3980553,1.241182,1.4986503,1.2661827,0.7143957,0.6810211,0.6894932,0.6569597,0.4428333,0.7245531,0.5232155,0.4650515,0.5069141,0.5055453,0.5850149,0.5005597,0.795748,0.5984814,0.5376984,0.4877875,1.0877502,0.6560387,0.4651308,0.5058276,0.4660802,0.4498562,0.4910692,0.4348662,0.5253045,0.3151928,0.3221668,0.392567,0.3882035,0.0002724,0.618869,0.7494,0.4107767,0.3734093,0.5941753,0.4053847,0.6091963,0.3486129,0.481732,0.5133426,0.5839987,0.6280359,0.4782633,0.5256909,0.4124096,0.4633365,0.5200035,0.7344478,0.5482695,0.4737945,0.36262,0.4150267,0.417891,0.3084916,0.3715205,0.4082199,0.3709199,0.319989,0.326057,0.5167602,0.4196854,0.3344168,0.3394261,0.4495165,0.3627854,0.3677208,0.388586,0.3200855,0.4306681,0.3368859,0.3267672,0.3169522],"ans":[1,1,1,1,1,1,1,1,0,0,1,0,0,1,0,0,0,0,0,0,0,0,0,0,0,0,1,0,0,0,0,0,0,0,0,0,0,1,0,0,0,0,0,0,0,0,0,0,0,0,0,0,0,0,0,0,1,0,0,1,0,0,0,0,0,0,0,0,0,0,0,0,0,0,0,0,0,0],"selected":8}