{"RT":[0.611171,1.0604558,0.7327664,1.6107341,1.5403627,1.23415,1.9561828,0.5293793,0.7594171,2.1323408,0.5631199,0.3192326,2.2056896,1.049048,0.7620345,1.287104,0.7028881,0.4052995,0.8808629,0.5850559,0.4686854,0.4771859,0.3572437,0.4587371,0.579611,1.7593435,0.3876424,0.487129,0.5191355,0.6371662,0.319066,1.6853047,1.2844505,1.4033543,1.1510853,1.2364416,0.5739928,0.7472999,0.8236206,0.3539358,0.0002943,0.2903725,0.2348745,0.0002434,0.3355274,1.4537178,0.2306633,0.1210711,0.3269729,0.2688777,0.5648749,0.3135603,1.847976,0.5931995,0.3645704,1.0330443,0.3541895,0.3039164,0.2874793,1.5516642,0.1247,2.8831552,2.3955019,1.2867186,0.8225141,0.4093301,0.3165839,0.2351784,0.2687731,0.1414841,0.275516,0.1242464,0.7539785,0.6872317,0.3581374,0.2352752,0.5493043,0.9142306],"ans":[1,1,1,1,1,1,1,0,1,1,0,0,1,0,1,0,0,0,0,0,0,0,0,0,0,0,1,0,0,0,0,0,0,0,0,0,0,0,0,0,0,0,1,1,0,0,0,0,0,0,0,0,0,1,0,0,0,0,0,0,1,0,0,0,0,0,1,0,0,0,0,0,0,0,0,0,0,0],"selected":11}