{"RT":[1.5954971,0.6057623,0.2887214,0.2486156,0.2008557,1.4357712,1.4301754,1.0643401,0.7367656,0.3029612,0.4217831,0.3770798,0.301545,0.340748,0.5308997,0.3764798,0.4291404,2.4873059,2.2557276,0.4326055,0.394908,0.2935517,0.925216,0.3238624,0.2908094,0.3055449,0.4409988,1.3313927,0.40126,1.3484339,0.3535761,0.350811,0.8201621,0.2790491,0.326348,0.8049808,0.3443672,0.5574373,0.4339518,1.7004139,0.3313905,0.3375305,0.4229988,0.3059628,0.3452259,2.6784587,0.2626971,0.2473252,0.2805359,0.2803541,0.3280858,0.2537418,0.3431208,0.261222,0.2533113,0.2466289,0.2876799,0.2802922,0.2477343,0.2251671,0.2120993,0.2304816,0.2878591,0.1926584,0.2686285,0.3333273,0.314505,1.0647462,0.2333756,0.251597,0.1808107,0.2494689,0.2183557,0.1646611,0.217701,0.2038905,0.2153193,0.2179844],"ans":[0,1,0,0,0,1,0,0,0,0,1,1,1,0,0,0,0,0,0,0,0,0,0,0,0,0,0,1,0,0,0,0,0,0,0,0,0,0,0,0,0,0,0,0,0,1,0,0,0,0,0,0,0,0,0,0,1,0,0,0,0,0,0,0,0,0,0,1,0,0,0,1,0,1,0,0,0,0],"selected":11}