{"RT":[1.4340433,1.9137246,2.287511,1.7912258,2.6986006,2.0263014,2.0359965,1.9741892,2.5067621,2.722172,2.2164772,1.9793896,2.7587833,4.7391468,5.3042826,2.3917029,2.3078576,3.1710814,3.767755,3.6931159,2.3729403,3.5521525,1.0857231,3.7094297,2.7816042,0.6329217,2.7631892,3.9353371,4.2854597,2.8052871,4.096858,0.8000081,0.6113081,0.5099424,0.8602444,0.6127798,1.0310362,1.5462069,0.6306521,0.2163807,0.3630077,0.3038923,1.1031948,0.4712267,0.3989514,3.7620684,0.0002606,0.9223236,0.0809344,0.0568691,0.0579561,1.6193476,0.3498092,0.7545399,0.288458,0.9122052,0.5182866,2.8608107,1.2937432,0.7486609,0.4019881,0.5409322,1.89895,0.5541494,0.0870909,0.6473288,0.8086931,0.2359235,0.4379513,0.4721885,1.3366685,0.5188152,2.0131752,0.4957177,0.0143835,0.0002481,0.9244943,0.1469453],"ans":[1,1,0,1,1,1,1,1,0,1,1,1,1,1,1,0,1,0,0,0,1,1,0,1,1,1,0,0,0,0,1,0,0,0,0,1,1,1,1,0,0,0,0,0,1,1,0,0,0,1,0,0,1,0,1,0,1,0,1,0,0,0,0,1,0,0,1,1,0,0,0,0,0,0,0,0,1,0],"selected":10}