{"RT":[1.1433384,1.8913207,1.8185786,0.8374725,0.9909234,0.9784472,0.8871667,0.7658273,2.8584726,0.4358452,0.8461655,1.1587071,0.3638554,0.5602294,1.4852933,0.5089933,4.2767801,3.3174164,0.723744,0.6024434,0.3820688,1.729046,1.3821996,0.6262927,0.8443146,0.6695216,0.9425905,0.5473551,2.3129523,0.5437624,0.4439575,0.3896157,1.0975057,0.5529911,0.3823319,1.0979735,3.8324897,2.3147266,0.3370674,1.958994,1.9649013,1.6886697,0.2566125,0.5137997,1.0487472,1.3616841,2.038019,5.2004809,3.803394,1.7984917,0.6565632,0.4585374,0.7636436,0.3760111,1.8357484,0.6696132,1.1104196,0.516903,1.1873509,0.7833028,0.4189007,0.4295407,0.550755,0.4199781,0.7907864,0.3947631,0.3018052,0.3887176,0.5916222,2.4837191,0.4112154,1.5579808,0.627389,0.4851891,1.1090646,0.7723923,1.609626,1.2363055],"ans":[1,0,0,1,0,0,0,0,0,0,0,0,0,0,0,0,0,0,0,0,1,0,0,0,0,0,1,0,0,0,0,0,1,0,0,1,1,0,0,0,0,1,0,0,0,0,1,0,0,1,0,0,1,0,0,0,0,0,0,0,0,0,0,0,0,0,0,1,0,0,0,0,1,0,0,0,0,0],"selected":1}