{"RT":[1.0345598,2.1476269,0.7120798,1.8707185,0.3185518,1.1257171,1.8361177,0.7583874,1.3633543,0.7194365,0.445433,1.2067068,1.7458785,0.8634713,0.9595865,1.00445,0.4399264,0.7382923,0.7435816,0.7897619,2.0415492,1.1958721,0.2464637,2.2723401,0.8333882,0.4748335,3.2434064,0.6534891,0.2705447,1.2150513,1.1382723,1.0873389,0.4633531,0.3279728,1.173134,1.7382013,1.5846223,1.0271761,0.8286449,0.5427982,0.5408015,2.586215,0.2379817,0.2874068,0.2471289,2.3207053,1.2703023,0.303347,0.2543598,0.5437107,0.4213538,2.071457,0.2166729,2.5301954,1.2085316,2.3157311,0.226129,1.0446501,0.5268177,2.0057806,0.3847647,0.3646548,0.2093807,0.2046827,0.8005342,0.2993684,0.642977,0.2770168,1.652492,0.7820876,0.9859592,1.1339511,0.659344,0.8284062,0.7746023,1.9234452,0.4337397,0.3718893],"ans":[1,0,0,0,0,0,0,0,0,0,0,1,0,0,0,0,0,0,0,0,0,0,0,0,0,0,0,1,0,0,0,0,0,0,1,0,1,0,0,0,0,0,0,0,0,0,0,0,0,0,0,0,0,0,0,1,0,0,0,1,0,0,0,0,1,0,0,0,0,0,0,0,0,0,0,0,0,0],"selected":1}