{"RT":[0.5917105,0.514925,0.4168337,0.3467515,0.3517105,0.3839223,0.2996111,0.2901613,0.2820167,0.2488456,0.4737671,0.4897083,0.2807465,0.2717418,0.2798849,0.2793963,0.2943508,0.3406131,0.2985992,0.7125379,0.2705896,0.2464495,0.270458,0.2703165,0.2383279,0.3036225,0.2945809,0.1096224,0.235936,0.2528581,0.3014415,0.2764107,0.2442102,0.3482616,0.224724,0.3635281,0.3185719,0.285277,0.2522942,0.2527434,0.2615238,0.2375911,0.2864609,0.2698971,0.2463989,0.295012,0.2697888,0.2932436,0.260681,0.2606629,0.2767302,0.2357093,0.2775019,0.2453399,0.2138227,0.224011,0.22614,0.1637756,0.2160519,0.2256973,0.1238784,0.2337356,0.4589279,0.2357832,0.2534959,0.254102,0.1743337,0.2265137,0.2283369,0.2695237,0.7256803,0.276309,0.2354582,0.2528018,0.1821124,0.2331984,0.2670934,0.1944506],"ans":[1,1,1,1,1,0,0,0,0,0,0,1,0,0,0,0,1,1,0,1,0,0,0,0,0,0,0,0,0,0,0,0,0,1,0,0,0,0,0,0,0,0,0,0,1,0,0,0,0,0,0,0,0,0,0,0,0,0,0,0,0,0,0,0,0,0,0,0,0,0,0,0,0,0,0,0,0,0],"selected":5}