{"RT":[2.1305384,2.2391024,3.5523365,0.860429,0.7168738,1.3150821,0.8084465,0.4756534,0.6192406,0.4375933,0.3583641,0.3953616,0.6454635,0.8861585,0.3815655,0.3769062,0.3804737,0.4638826,0.4166535,0.7935912,0.540151,0.4574674,0.4021377,0.2608819,0.2294717,0.6706611,0.2711795,0.3747359,0.2746038,0.3305356,0.2320646,0.2170535,0.5553898,0.3365568,0.1573256,0.2181206,0.4437975,0.364388,0.1686937,0.7565223,0.2251111,0.7552379,0.3674105,0.2997918,0.2982272,0.2726065,0.072521,1.0324974,0.305638,0.4079689,0.3231661,0.2649296,0.2490005,0.3617326,0.246165,0.2026571,0.6609266,0.516859,0.2427234,0.0002762,0.0002965,0.3696466,0.292996,0.3002883,0.250628,0.4115574,0.2296442,0.4465577,0.3112153,0.2291697,0.2866877,0.6220277,0.4567465,0.2407549,0.3458025,0.3346682,0.3317888,0.2655589],"ans":[0,0,0,0,1,1,1,0,1,1,0,0,1,1,0,0,0,1,1,1,0,1,1,0,0,0,0,1,0,0,0,0,0,0,0,0,1,1,0,0,0,1,0,0,0,0,1,0,0,1,1,0,0,1,0,0,0,0,0,0,1,0,1,0,0,1,0,0,0,0,1,1,1,0,0,0,0,0],"selected":11}