{"RT":[0.9708066,1.5423388,1.1950791,1.5656587,1.5216091,1.3673633,1.7395325,2.2324513,2.1220455,1.6479706,0.8246453,0.7625888,2.1423913,0.4839228,0.7468116,0.8157351,0.8258102,0.5959424,0.4951739,0.9729751,0.7854952,0.6123678,0.9511958,0.3788792,0.4224722,0.3602396,0.4121634,0.4385507,0.3515697,0.7480416,0.712827,1.2233645,0.5369291,0.670245,0.7743184,0.6344714,0.4353592,0.8132567,1.1028522,0.5255505,1.3158111,0.545103,0.4460533,0.4467881,0.3833323,0.4024912,0.4452951,0.4061798,0.4231459,0.2905018,0.7934677,0.4605276,0.3168568,0.4827496,0.4025841,0.3244708,0.3224754,0.3122912,0.2626566,0.3346716,0.3235987,0.378069,0.5331524,0.5704704,0.5746021,0.4261443,0.3485995,0.4969217,0.3354127,0.2849958,0.3401346,0.3295226,0.4227734,0.4968385,0.4237476,0.4173874,0.3073711,1.0263197],"ans":[0,0,0,0,0,0,0,0,0,1,0,0,0,1,0,0,0,0,0,0,0,0,1,0,0,0,0,0,0,0,0,1,0,0,0,0,0,0,0,0,0,0,1,0,0,0,0,0,1,0,0,0,0,0,0,0,0,0,0,0,0,0,0,1,0,0,0,1,0,0,0,0,0,0,0,0,0,0],"selected":11}