{"RT":[2.2390542,1.1918164,1.2992773,0.7945531,0.8297536,0.5352527,0.9732079,0.7378876,1.6399809,0.8900386,1.8011519,0.684509,0.6277185,1.1819703,0.8820316,0.5691478,0.749783,0.3868579,0.8551564,0.680487,0.9124737,0.967155,0.6831582,0.9297497,0.6473049,0.5291695,0.798259,0.7854638,0.5974586,0.7204422,1.3182267,0.6200007,1.2866582,0.6706921,0.6789582,0.3099211,0.285392,0.2695574,0.1337428,0.3791052,0.4950819,0.4623812,0.4230709,0.0975771,0.5044272,0.7188116,0.348984,0.5144215,0.4970636,0.536426,0.3977344,0.5049911,0.4645313,0.4736494,0.5763425,0.5334249,0.4350856,0.3007407,0.2916321,0.2908409,0.5229484,0.6414471,0.4595642,0.2605604,0.3332327,0.2430445,0.2048328,0.2648631,0.4727685,0.3286587,0.4698515,0.2944908,0.4135234,0.3761799,1.1170423,0.3151593,0.3700289,0.3266816],"ans":[1,1,1,1,1,0,1,1,1,1,0,1,1,0,1,1,1,1,0,1,1,0,1,1,1,0,0,1,1,1,1,1,0,0,0,1,1,1,1,0,0,0,0,0,0,0,0,0,0,0,1,0,0,0,0,0,0,0,0,0,0,0,0,0,0,0,0,0,0,0,0,0,1,0,0,0,0,0],"selected":7}