{"RT":[1.2335889,0.4501222,0.4666861,0.4997239,0.3067225,0.3702355,0.0864637,0.9740537,1.3218001,0.0487404,0.2898397,0.2424903,0.2598142,0.00025,0.5838556,0.0002591,0.2789878,0.5112238,0.3170664,0.1716749,0.3609494,0.413147,0.8954449,1.1189111,0.3577299,0.6271008,0.6450892,0.6944221,0.7831853,0.4027946,0.7023303,0.3573773,0.3392788,0.4889256,0.552721,0.3494903,0.8744794,0.3472771,0.8072827,0.370648,0.5116258,0.2789715,1.0230809,0.4171434,0.5806486,0.2320992,0.9300818,0.2639917,0.5203697,0.3990635,0.3539041,0.286291,0.3985072,0.3696939,0.317916,0.5483574,0.4584672,0.7710249,0.4475663,0.6251496,0.3075433,0.442988,0.3171038,1.1155934,0.4021453,0.5499243,0.3067949,0.5854559,0.3972517,0.3443848,0.485574,0.5096298,0.4368581,0.4382926,0.3281143,0.310257,0.9328136,0.2665685],"ans":[0,1,0,0,0,1,0,0,0,0,0,0,0,0,0,0,0,0,0,0,0,0,1,0,0,0,1,0,0,0,0,0,1,0,0,0,1,0,0,0,0,0,0,0,0,0,0,0,0,1,0,0,1,0,0,0,0,0,0,0,0,1,0,0,0,0,0,0,1,0,0,0,0,0,0,1,0,1],"selected":3}