{"RT":[0.4904059,0.5298772,0.6228638,0.8093566,0.4912906,0.3398826,0.3295151,0.8153081,0.5300388,0.5359056,0.3738794,0.5705204,0.3906149,0.4746409,0.4997844,0.5148344,1.4896604,0.3530466,0.8144494,0.6651049,0.3937727,0.4931499,0.2928381,0.3170732,0.4270163,0.781245,0.6168228,0.2916209,0.5633372,0.3276952,0.4218148,0.4642963,0.4488066,0.498698,0.481924,0.3527863,0.3422753,0.3000042,0.2996314,0.3307186,0.5684811,0.4366361,0.3589242,0.5241256,0.3541447,0.8556675,0.7767849,0.2930284,0.4211344,0.4231279,0.3125991,0.319714,0.35763,0.5311945,0.5364412,0.3424714,0.5401378,0.5943323,0.5262954,0.6445631,0.5827309,0.3537323,0.3908247,0.4189505,0.5661053,0.3302808,0.5286342,0.3821781,0.3222616,0.3689787,0.4205918,0.4315061,0.5053673,0.4168271,0.7236391,0.3381675,0.4718492,0.4327971],"ans":[1,0,0,0,0,0,1,0,0,0,1,0,0,1,1,0,0,0,0,0,0,0,0,0,0,0,0,0,0,0,0,0,0,0,0,0,1,0,0,0,0,0,0,0,0,0,0,1,0,0,0,0,0,0,0,0,0,1,0,0,0,0,0,0,0,0,0,0,0,0,0,0,1,0,1,0,0,0],"selected":10}