{"RT":[0.7813673,0.9123344,1.0387956,1.1520743,1.0130437,1.1274566,1.7489159,1.1866277,1.0381359,1.2481592,0.8488515,0.9382829,1.5121326,1.3028332,0.8941783,0.9337516,0.9315085,0.9778285,0.5172888,0.612381,1.2708724,1.2552922,1.0091357,0.8362814,1.1738701,0.8340341,0.6122138,0.9024656,1.0058027,0.8174179,0.7319057,1.2099709,1.0286241,0.7663111,0.5715259,0.8231309,1.4745406,0.7469795,0.5843037,0.8363744,0.8376137,0.5197641,1.2066821,1.0175295,0.7323474,0.6342145,0.5320603,0.6342186,0.8127353,0.6623272,0.5583819,0.7235219,0.5381026,0.4799917,0.4633221,0.5279347,0.5420443,0.9712329,0.5360445,0.5011915,0.4044223,1.5352374,0.3172021,0.435504,0.3417054,0.4678275,0.3564662,0.8499034,0.4590337,1.1240844,0.4979491,0.4815483,0.5055988,0.5847091,0.4610061,1.5502086,0.4748188,0.8835453],"ans":[1,1,1,1,1,1,1,1,0,1,1,0,0,1,0,1,1,1,1,0,1,1,0,1,1,1,0,1,0,0,0,0,0,1,0,1,0,0,1,0,1,0,0,0,0,1,1,0,0,1,0,0,0,0,0,0,0,0,0,0,0,0,0,0,0,0,1,0,0,0,0,1,0,0,0,0,0,0],"selected":1}