{"RT":[2.9367475,3.0937168,3.5330844,1.7702207,2.047491,1.8720881,2.8011196,1.9004741,1.587654,1.6395453,1.6897988,1.2095915,1.4606348,0.8456639,1.0468358,0.9848673,0.956111,1.2651984,2.7539716,1.1757135,1.7157838,1.2906161,0.7146468,0.657177,0.5461065,0.9593243,2.2046868,2.5116597,1.9906527,1.5862308,0.8704892,1.20689,0.8023187,1.1096622,0.8052843,0.5282581,1.0543119,0.9671866,0.7714813,3.1601838,2.8454736,1.9911205,10.890141,4.6900898,0.5134467,1.1123059,0.9107074,0.7573165,0.6107498,0.6293882,0.9669033,0.4751931,0.540973,0.6498312,1.5552072,0.4485868,0.5059551,0.4494525,0.5226387,0.6410862,0.6670286,1.8837687,0.8357827,1.2619016,0.5343142,0.4042488,0.2715278,0.7122181,0.7019951,0.3416184,0.4276342,0.7412011,0.9634789,0.5443737,0.3892487,0.4332732,0.6513748,0.340824],"ans":[0,0,0,0,0,0,0,0,0,0,0,0,0,0,0,0,0,0,0,0,0,0,0,0,0,0,0,0,0,0,0,0,0,0,0,0,0,0,0,0,0,1,1,1,0,1,0,0,1,0,0,1,1,0,0,1,1,1,1,1,1,1,1,0,0,1,1,0,0,0,0,0,0,0,1,1,1,0],"selected":4}