{"RT":[1.5723603,0.5049637,0.4635771,0.3524788,0.4930552,0.380328,0.3596439,0.2530459,0.2702156,0.5110278,0.3023749,0.3734409,0.3220757,0.2401053,0.1782428,0.2783014,0.5183059,0.5502132,0.3543736,1.0632823,0.2881818,1.671973,0.3851435,1.3245031,0.1943358,0.2136196,0.1850221,1.5964701,0.8160515,0.3065677,0.3696974,0.2778159,0.381959,0.4820693,0.2506774,0.2510588,0.276659,0.0763263,0.1879704,0.4636264,0.3205535,0.3108749,0.2535686,0.2546874,0.3276856,0.4056707,0.2648582,0.6578971,0.443116,0.6280816,0.4864635,0.5023539,0.3335613,0.3314541,0.3372693,0.4313558,0.3455358,0.2868872,0.3579457,0.3397107,0.3453659,0.4462458,0.4632031,0.5759171,0.4367169,1.7587828,0.2918467,0.3400398,0.2819042,0.3456271,0.4629907,0.3276694,0.2055846,0.2970652,0.4645921,0.1853228,0.6602866,0.157076],"ans":[1,1,1,1,1,1,1,1,1,1,1,1,0,1,0,0,0,1,0,0,0,0,0,1,0,0,0,0,0,0,0,0,0,0,0,0,0,0,0,0,0,0,0,0,0,0,0,0,0,0,0,0,0,0,0,0,0,0,0,0,0,0,0,1,0,1,0,1,0,0,0,0,0,0,0,0,0,0],"selected":4}