{"RT":[5.8991653,0.2825841,0.4018183,0.3174355,0.324253,0.2670769,0.4673642,0.2600327,0.1170854,0.794962,0.2863843,0.1985393,0.122513,0.2888382,0.2884774,0.2645311,0.2731351,0.2419617,0.259533,0.2451944,0.2705107,0.2871944,0.2470758,3.9676305,0.2280915,0.2629925,0.2948739,0.2550945,0.2563161,0.2493828,0.2346962,0.2370297,0.2549475,0.2246002,0.2107956,0.4134009,0.184085,0.2280457,0.2219434,0.2644583,0.2169788,0.2598944,0.2533482,0.2384705,0.248836,0.2178937,0.236242,0.2867761,0.2709372,0.2466287,0.2801444,0.3200096,0.2786768,0.294955,0.2455694,0.2712461,0.2954944,0.246888,12.0876654,0.1996203,6.395058,0.2861438,0.4456095,0.3029577,0.27804,0.2705867,0.2229034,0.2564494,0.2187901,0.0002408,1.5200512,0.5188354,0.2773292,0.294946,0.2446165,0.7825804,0.4828602,0.322608],"ans":[1,1,1,1,1,1,1,1,0,0,0,0,1,0,0,0,0,0,0,0,0,0,0,1,0,0,0,0,0,0,0,1,0,0,0,1,0,0,0,0,1,0,0,0,0,0,0,0,0,0,0,0,0,0,0,1,0,0,0,0,0,1,0,1,1,1,1,1,1,1,1,1,1,1,0,1,1,1],"selected":12}