{"RT":[1.8141228,0.488868,2.2315695,2.7855929,1.6127864,2.8635004,0.5443607,1.7900784,3.0660389,0.6818636,1.0818147,2.0343443,0.4756932,1.0764568,1.1887895,4.5292272,1.4069442,0.3060829,0.513556,4.168468,0.3650207,1.3366661,0.5340212,0.3240729,3.3934578,0.2854457,0.3090551,3.3648745,1.2495688,0.6989105,0.3220647,0.8888856,1.1288032,0.3820053,0.7538143,0.2469649,1.0165654,0.2914853,0.5862491,5.7981756,0.4406598,0.4267525,0.221202,0.1358023,0.5580019,0.4827954,0.251139,0.2602242,0.4616674,0.3104001,0.2770197,0.3251816,0.2596942,0.2850376,0.2847812,0.253291,0.2701936,0.2468512,0.2485816,0.2014193,0.2691953,0.2374694,0.1994069,0.2587474,0.1723383,0.3129212,0.263549,0.3113576,0.2941865,0.2694457,0.2461881,0.2867044,0.2950197,0.3258224,0.3156802,0.2667458,0.323179,0.91404],"ans":[1,1,1,1,1,1,0,0,0,1,0,0,0,1,1,1,1,1,0,1,0,0,0,0,0,1,0,0,0,0,1,1,1,1,1,1,0,1,0,1,1,0,0,0,1,1,0,1,0,1,1,1,0,1,0,1,0,0,1,0,1,0,0,0,0,1,1,1,0,0,1,0,0,0,0,0,0,0],"selected":6}