{"RT":[0.290071,0.4819122,0.3297886,0.3758172,0.3317627,0.3933078,0.356972,0.3381843,0.6881987,0.2879679,0.3043588,0.3031645,0.2547452,0.5203209,0.2859197,0.2857509,0.2783395,0.3418101,0.2437382,0.2928719,0.3014462,0.308631,0.3154972,0.2972604,0.3123495,0.2869223,0.3033675,0.286491,0.3180246,0.3243492,0.3070573,0.3547266,0.287756,0.383494,0.3307611,0.3207039,0.2800546,0.4550873,0.4084073,0.3633029,0.2955319,0.4305445,0.2563396,0.2979128,0.2979017,0.448832,0.2739814,0.3230532,0.265235,0.2579853,0.3064786,0.2904642,0.2975711,0.2733048,0.378054,0.3258026,0.3087573,0.4197504,0.3265071,0.301409,0.5323609,0.2664043,0.2831055,0.5463944,0.479948,0.2878451,0.3354453,0.365591,0.2903929,0.5225759,0.5130233,0.2799429,0.344164,0.3333412,0.3786933,0.3272353,0.2929749,0.3488305],"ans":[0,1,1,1,1,0,1,0,1,0,1,1,1,1,0,1,1,1,0,0,1,0,0,0,0,0,0,0,0,0,0,0,0,0,1,0,0,0,0,0,0,0,0,1,0,0,1,0,0,1,0,1,0,1,0,0,1,0,0,1,1,1,0,1,0,0,1,0,1,0,1,1,0,1,1,1,1,1],"selected":4}