{"RT":[0.1273643,0.0003279,0.1360798,4.5426815,0.6594446,0.7879837,0.4327123,0.5138764,0.4724704,0.5218012,0.544082,0.4536731,0.342392,0.540505,0.4741562,0.3070053,0.410441,0.4133988,0.3915734,0.4596941,0.4372526,0.6389918,0.5050047,0.4325667,0.6104109,0.5329511,0.6109589,0.734181,0.6440219,0.6542451,0.6869581,0.678651,0.3830947,0.5550402,0.5441091,0.4693734,0.4786544,0.6135139,0.6793659,0.3434506,0.5170744,0.2755375,0.5638489,0.3204672,0.4229856,0.3781433,0.4540697,0.7030766,0.6710268,0.3830107,0.5713379,0.2959418,0.5030437,0.2784156,0.4784064,0.3175519,0.3566342,0.3537137,0.3908475,0.3155474,0.290077,0.3138209,0.6805273,0.3281611,0.3184974,0.3970016,0.3206054,0.3426303,0.3322688,0.7702979,0.3752781,0.4836548,0.5789415,0.6310914,0.4966568,0.2878085,0.2635442,0.3598902],"ans":[0,1,1,0,1,1,1,1,1,0,0,0,0,1,1,0,1,0,0,1,0,1,0,0,0,0,0,0,0,0,0,0,1,1,1,1,1,0,0,0,0,1,0,1,1,1,0,1,0,1,1,1,1,1,0,1,0,1,1,1,1,1,1,1,1,1,1,0,1,1,1,1,1,1,1,1,1,1],"selected":4}