{"Light":{"0":"high ipRGC","1":"low ipRGC01","2":"low ipRGC02","3":"low ipRGC03","4":"low ipRGC04","5":"low ipRGC05","6":"low ipRGC06","7":"low ipRGC07","8":"low ipRGC08","9":"low ipRGC09","10":"low ipRGC10","11":"low ipRGC11","12":"low ipRGC12"},"index":{"0":200.0,"1":200.0,"2":200.0,"3":200.0,"4":200.0,"5":200.0,"6":200.0,"7":200.0,"8":200.0,"9":200.0,"10":200.0,"11":200.0,"12":200.0},"wavelength[nm]":{"0":580.0,"1":580.0,"2":580.0,"3":580.0,"4":580.0,"5":580.0,"6":580.0,"7":580.0,"8":580.0,"9":580.0,"10":580.0,"11":580.0,"12":580.0},"power":{"0":0.0085053196,"1":0.0078477399,"2":0.007359299,"3":0.0076322067,"4":0.0073209108,"5":0.0073484073,"6":0.0078870978,"7":0.0078739706,"8":0.0077588755,"9":0.0077228632,"10":0.0080853586,"11":0.0073698446,"12":0.0076877072},"ipRGC":{"0":1.1599494552,"1":0.7612364698,"2":0.6692457159,"3":0.6589538002,"4":0.6647995608,"5":0.6735214714,"6":0.7632828125,"7":0.7333165439,"8":0.6706590346,"9":0.6962408669,"10":0.6837872433,"11":0.6930995981,"12":0.7352103165},"x":{"0":0.41221337,"1":0.40139678,"2":0.41334235,"3":0.41982636,"4":0.41356749,"5":0.41122241,"6":0.40550596,"7":0.40919504,"8":0.4205507,"9":0.41358684,"10":0.42138589,"11":0.40809413,"12":0.4050286},"y":{"0":0.24062181,"1":0.23100301,"2":0.24773021,"3":0.24454311,"4":0.24238551,"5":0.24619871,"6":0.23380494,"7":0.23315689,"8":0.24079818,"9":0.24140206,"10":0.24801624,"11":0.24654136,"12":0.23794054},"X":{"0":1222.40703,"1":1240.0,"2":1180.0,"3":1240.0,"4":1180.0,"5":1170.0,"6":1250.0,"7":1250.0,"8":1260.0,"9":1240.0,"10":1320.0,"11":1170.0,"12":1210.0},"Y":{"0":713.557133,"1":711.0,"2":706.0,"3":724.0,"4":690.0,"5":703.0,"6":718.0,"7":715.0,"8":724.0,"9":727.0,"10":774.0,"11":707.0,"12":712.0},"Z":{"0":1029.50739,"1":1130.0,"2":966.0,"3":994.0,"4":979.0,"5":979.0,"6":1110.0,"7":1100.0,"8":1020.0,"9":1040.0,"10":1030.0,"11":991.0,"12":1070.0},"L*":{"0":207.323404,"1":207.068707,"2":206.532543,"3":208.426602,"4":204.816658,"5":206.246221,"6":207.791734,"7":207.432545,"8":208.410747,"9":208.678018,"10":213.490081,"11":206.671703,"12":207.184855},"a*":{"0":189.194371,"1":194.439056,"2":178.47683,"3":190.952972,"4":185.544352,"5":178.648475,"6":194.346132,"7":198.606828,"8":197.582101,"9":190.37634,"10":191.164314,"11":175.568989,"12":186.632472},"b*":{"0":-50.0436872,"1":-64.4163828,"2":-42.2563648,"3":-43.0706757,"4":-47.1473971,"5":-44.6075568,"6":-59.988891,"7":-59.0489707,"8":-46.5779246,"9":-48.9690583,"10":-39.781729,"11":-45.6523532,"12":-55.7356363},"size":{"0":0,"1":5,"2":0,"3":1,"4":7,"5":0,"6":0,"7":1,"8":2,"9":0,"10":1,"11":6,"12":3}}