{"sub":{"0":1,"1":2,"2":3,"3":4,"4":5,"5":6,"6":7,"7":8,"8":9,"9":10,"10":11,"11":12,"12":13,"13":14,"14":15,"15":16,"16":17,"17":18,"18":19,"19":20,"20":21,"21":22,"22":23,"23":25,"24":26,"25":27},"Color":{"0":0.0,"1":0.0,"2":0.0,"3":0.0,"4":0.0,"5":0.0,"6":0.0,"7":0.0,"8":0.0,"9":0.0,"10":0.0,"11":0.0,"12":0.0,"13":0.0,"14":0.0,"15":0.0,"16":0.0,"17":0.0,"18":0.0,"19":0.0,"20":0.0,"21":0.0,"22":0.0,"23":0.0,"24":0.0,"25":0.0},"Locs":{"0":1.5,"1":1.5,"2":1.5,"3":1.5,"4":1.5,"5":1.5,"6":1.5,"7":1.5,"8":1.5,"9":1.5,"10":1.5,"11":1.5,"12":1.5,"13":1.5,"14":1.5,"15":1.5,"16":1.5,"17":1.5,"18":1.5,"19":1.5,"20":1.5,"21":1.5,"22":1.5,"23":1.5,"24":1.5,"25":1.5},"ans":{"0":1.0,"1":0.75,"2":1.0,"3":1.0,"4":0.9166666667,"5":0.75,"6":0.6666666667,"7":0.9166666667,"8":1.0,"9":0.75,"10":0.8333333333,"11":0.9166666667,"12":0.5,"13":0.9166666667,"14":0.9166666667,"15":0.9166666667,"16":1.0,"17":0.3333333333,"18":0.9166666667,"19":0.6666666667,"20":0.8333333333,"21":1.0,"22":0.0833333333,"23":0.9166666667,"24":0.9166666667,"25":0.9166666667},"adjusted":{"0":23.75,"1":20.3,"2":13.85,"3":11.1142857143,"4":27.4117647059,"5":28.0,"6":15.35,"7":22.7,"8":2.5263157895,"9":24.2222222222,"10":20.6,"11":13.75,"12":2.0,"13":10.05,"14":16.9,"15":20.55,"16":12.85,"17":24.0555555556,"18":28.0,"19":20.45,"20":28.0,"21":27.7058823529,"22":14.35,"23":11.0,"24":19.6,"25":19.5},"selected":{"0":12.0,"1":4.0,"2":12.0,"3":6.0,"4":4.0,"5":1.0,"6":11.0,"7":1.0,"8":1.0,"9":10.0,"10":4.0,"11":3.0,"12":11.0,"13":9.0,"14":1.0,"15":10.0,"16":11.0,"17":4.0,"18":11.0,"19":1.0,"20":3.0,"21":1.0,"22":1.0,"23":6.0,"24":9.0,"25":1.0},"Y":{"0":0.0,"1":0.0,"2":0.0,"3":0.0,"4":0.0,"5":0.0,"6":0.0,"7":0.0,"8":0.0,"9":0.0,"10":0.0,"11":0.0,"12":0.0,"13":0.0,"14":0.0,"15":0.0,"16":0.0,"17":0.0,"18":0.0,"19":0.0,"20":0.0,"21":0.0,"22":0.0,"23":0.0,"24":0.0,"25":0.0}}