{"RT":[0.8818507,0.000322,0.0003241,0.0003199,0.0005734,0.0003338,0.0002717,0.000277,0.0002695,0.000272,0.0003149,0.0003095,0.0002763,0.0002959,0.0006357,0.0003491,0.0003053,0.0003352,0.0002587,0.0004673,0.0006787,0.0005211,0.0002633,0.0003153,0.0002696,0.0002742,0.0002588,0.0002581,1.6554175,0.0003165,0.0003172,0.0003409,0.0002943,0.0002546,0.0002491,0.0006124,0.0212638,0.0002456,0.0003365,0.0003522,0.0002979,0.0002966,0.000266,0.0002553,0.0002451,0.0002489,0.0002929,0.0002467,0.2111751,0.0002943,0.0002891,0.0002486,0.0002617,0.000286,0.0002632,0.0002993,0.0003218,0.0390636,0.0002456,0.0002602,0.0003001,0.0002836,0.0002664,0.000264,0.0003384,0.0002527,0.0003058,0.0002697,0.000277,0.0004429,0.000308,0.0002613,0.0002661,0.0004254,0.000267,0.0003087,0.1150423,0.0002428],"ans":[1,1,1,1,1,1,1,1,1,1,1,0,1,0,1,0,1,0,1,1,1,0,1,1,1,1,1,1,0,1,1,0,1,0,0,0,0,1,0,0,0,0,0,0,1,0,1,0,0,0,0,1,1,0,1,0,0,0,0,0,0,0,0,0,0,0,1,0,0,0,0,0,0,1,1,0,0,0],"selected":6}