{"RT":[0.0943139,0.0003301,0.0003233,0.0003334,0.0004092,0.0003005,0.0004217,0.0005047,0.0003673,0.000271,0.0003032,0.0002745,0.000284,0.0003042,0.0002672,0.0002721,0.0002818,0.0002648,0.0003097,0.0003066,0.0002767,0.0002951,0.0002789,0.00027,0.0005819,0.0003008,0.0002625,0.0004186,0.0002506,0.0002695,0.000306,0.0002972,0.0002704,0.0002816,0.0002488,0.0002696,0.0002605,0.0002733,0.0002824,0.0002799,0.0002762,0.0003081,0.0003082,0.0003242,0.000274,0.0014548,0.0002877,0.0002732,0.0002783,0.0003003,0.0002657,0.0002824,0.0002913,0.0002588,0.000284,0.0003051,0.000374,0.373292,0.0002652,0.000269,0.0003966,0.000301,0.0002597,0.0002566,0.0002805,0.0002406,0.0002657,0.0002636,0.0002475,0.0002662,0.0003057,0.0002665,0.0002906,0.0002986,0.0002669,0.000266,0.0002995,0.0003212],"ans":[1,0,0,1,0,0,1,0,0,0,0,0,0,0,0,0,0,0,0,0,0,1,0,0,1,0,0,1,0,0,0,1,0,0,0,1,0,0,0,1,0,0,0,0,0,0,0,0,0,0,0,0,0,0,0,0,0,1,0,0,0,0,0,0,0,1,0,0,0,0,0,0,0,0,0,0,0,1],"selected":1}