{"RT":[0.9557874,1.5122949,1.9182661,1.1887558,1.3364503,1.8951426,1.8375261,0.8156869,1.2900163,1.4820802,0.9860817,1.3981075,1.4417708,1.9068098,0.9783365,0.9099328,1.9885736,2.0648335,1.0652649,2.1539984,1.4532989,1.1759401,3.1806693,0.5845045,1.3645374,1.3530348,1.1585716,2.5393051,1.5056453,1.3929675,0.7328339,1.0106752,0.5974246,0.7769097,0.7412234,0.8995164,1.6908949,1.3313388,0.8802454,1.3679664,1.068787,0.9336971,0.6751535,0.7078873,0.9556745,0.6325556,1.3227969,1.1852995,1.4772914,0.484931,1.2923473,0.9639214,0.656922,0.4180148,0.6924103,0.5564719,0.5771146,0.6691949,0.5254452,0.444313,0.7014142,0.6370448,0.3677432,0.3795871,0.3671497,1.002821,0.7102531,0.789212,0.3689498,0.6847886,0.6288208,0.7506185,0.8602638,0.5006483,2.5794977,0.4472814,0.4405023,0.1707574],"ans":[1,0,0,1,1,1,1,0,1,1,0,1,0,0,0,1,0,0,0,0,0,0,0,1,0,1,0,0,0,0,1,0,0,0,0,0,0,0,1,1,0,0,0,0,0,1,0,0,0,0,1,0,0,1,1,0,0,0,0,1,0,0,0,0,0,0,0,0,1,1,0,0,0,1,1,0,1,0],"selected":11}