{"RT":[0.9054553,1.9448915,1.0533249,0.5831459,2.3934389,0.2127203,1.6870746,0.2780652,0.2464141,1.271443,1.0642757,0.8412475,0.4097983,1.1575105,1.4907705,0.3786156,1.1589733,1.9638373,0.7126492,0.1836633,1.1552741,0.463584,0.2644199,0.2014782,1.788812,0.7765587,0.1089785,0.3405206,0.3154589,0.2008067,0.4445898,0.0931772,0.0294136,0.0313651,0.2813652,0.9698515,1.4219164,0.1129262,0.1993177,1.666762,0.2117461,0.2856071,0.0696398,0.21385,0.3286438,0.2304822,0.2968827,0.2640133,0.3046184,0.287917,0.2241163,0.24224,0.1160932,0.2902934,0.2745971,0.2103416,0.3181714,0.2196253,0.3268072,0.1804005,0.0004487,0.0522581,0.2289839,0.294906,0.4783915,1.6221994,1.5370611,0.4470678,0.2734448,0.2641267,0.2729562,1.9930091,0.5244942,0.2669681,0.1953667,0.3751618,0.2746886,0.2274845],"ans":[0,0,1,0,1,0,0,0,0,0,0,0,0,1,1,0,0,0,0,0,0,0,0,0,0,0,0,0,1,0,0,0,0,0,0,0,1,0,0,1,0,1,0,0,0,0,0,0,0,0,0,0,0,0,0,0,1,0,0,0,0,0,0,1,1,0,0,1,0,0,0,0,0,1,0,0,0,0],"selected":1}