{"RT":[3.7560873,1.7844334,1.8518091,1.9649468,1.6977736,1.0490308,1.1052323,0.744814,0.7347746,1.8289495,1.014778,0.89028,0.977346,1.405293,0.9126822,0.7751251,0.3958996,0.7345911,0.39652,0.2879828,0.4316132,0.825823,0.7642933,0.6967076,1.4884655,1.9442349,1.1498514,1.3155635,0.8818085,0.8656885,0.59404,0.3734949,0.1940962,0.3574963,0.5948356,0.3907411,1.5304137,0.8637806,0.4330161,0.4747683,0.347894,0.2890584,0.3047821,0.7840395,0.9002069,0.9552473,0.3285043,0.4711019,0.711171,0.2859247,1.2948904,1.197191,0.6567962,1.4107731,1.1083287,1.1477359,0.4724404,0.2251348,0.2356571,0.2133279,0.8637934,0.2408146,0.2744425,0.2750338,0.3321578,1.1215155,2.0963057,0.3197297,0.3347893,0.6120686,0.1669566,0.2278433,0.0946429,0.2448246,0.2780423,1.6221759,0.5448158,0.2067873],"ans":[1,1,0,0,0,1,1,0,0,0,0,0,1,1,0,1,0,0,0,0,0,1,1,1,0,0,0,0,0,1,0,0,0,0,0,0,0,1,0,0,0,0,0,1,0,1,0,0,1,0,0,1,0,1,0,0,0,0,0,0,0,0,0,0,0,0,0,0,0,0,0,0,0,0,0,1,0,0],"selected":1}