{"RT":[1.3651161,2.143763,0.7341113,2.8023719,0.8050947,1.0799691,1.4628602,3.0712614,0.9271894,0.5081612,0.594479,2.1097242,1.8035658,2.5178616,3.3239377,1.3061348,2.0003818,0.3875044,0.3095174,1.8130972,0.7271592,0.9804666,0.4799827,0.206934,0.737611,0.2947378,0.2457046,0.1980905,0.1933048,0.2433785,0.2525088,0.3243235,0.3625848,0.5272235,0.7000879,0.538925,0.2082711,0.2507398,0.115221,0.2413394,0.1625016,0.2547891,0.1834938,0.1388997,0.2398023,0.1143137,0.1994525,0.0100165,0.3163039,0.2501239,0.0985394,0.0002918,0.3319085,0.2974261,0.2314582,0.2418747,0.6905055,0.4256069,0.3720111,0.9202374,0.4697843,0.4458833,0.326478,0.5235545,0.6806325,0.3615017,0.5418816,0.3468168,0.167822,0.1243063,0.2817292,0.2651397,0.2727106,0.233328,0.2426831,0.1713446,0.2714196,0.4312231],"ans":[0,1,0,0,0,1,1,0,1,1,1,1,1,1,1,0,1,0,0,1,1,1,0,0,1,0,0,0,0,0,0,0,0,0,0,0,1,1,0,0,0,0,0,0,0,0,0,0,0,0,0,0,0,0,0,0,0,0,0,0,0,0,0,0,0,0,0,0,0,0,0,0,0,0,0,0,0,0],"selected":7}