{"RT":[0.7751129,1.1222699,0.8485846,0.8896751,1.0257044,1.0590101,1.1165638,0.9221079,0.7933997,0.7316547,0.873044,0.4415265,0.6033502,1.310404,0.9903781,1.2097823,0.9807978,0.9128176,0.5352658,1.197757,0.4486482,0.5058415,0.8574255,0.5225911,0.3455925,0.4468985,0.3682169,0.4036629,0.4630586,0.4959215,0.3910425,0.3791579,0.3989823,0.3700473,0.4462032,0.415563,0.4342567,0.6201488,0.6143695,0.3369815,0.5909456,0.2742431,0.3386822,0.417551,0.2434884,0.2452127,0.3505693,0.3082693,0.2741436,0.2431759,0.3881785,0.3117771,0.3266444,0.3001795,0.307421,0.2824531,0.306455,0.2180181,0.2767195,0.1727719,0.3052796,0.3925706,0.3409048,0.2826319,0.3621664,0.3025949,0.43783,0.2883001,0.3200547,0.3501287,0.2417762,0.25312,0.1902942,0.1464637,0.2559861,0.2489149,0.2581823,0.2279083],"ans":[1,1,1,1,1,0,1,1,1,1,1,0,0,0,0,0,0,1,0,1,1,1,0,0,0,0,0,0,0,1,0,0,0,0,0,0,0,0,0,0,0,1,0,0,0,0,0,0,1,0,0,0,0,0,0,1,0,0,0,0,0,0,0,0,0,0,0,0,0,0,0,1,0,0,0,0,0,0],"selected":8}