{"RT":[0.3998133,0.417568,1.2047407,0.7984427,0.6013642,0.4440662,0.6779274,0.8296987,1.7116019,0.6061013,0.9533482,1.4947974,0.7180987,0.5409113,0.4591535,1.6765168,0.5072653,0.5147339,0.4175589,0.4357782,0.3343799,0.7639955,0.5289148,0.4545741,0.5762544,0.5964509,0.4556912,0.3924219,0.3807182,0.4328844,0.4903363,0.6505347,0.3308665,0.4007653,0.9003889,0.3877182,0.3198335,0.5342032,0.564238,0.5451185,0.3835637,0.7148903,0.2254038,0.7082039,0.5238559,0.4664783,0.3869178,0.2630786,0.3428541,0.4204812,0.3830391,0.4110221,0.3336645,0.3792039,0.3676586,0.2840911,0.3798947,0.3118654,0.4461408,0.3913572,0.3475461,0.0002987,0.2840393,0.3711837,0.3766234,0.4776102,0.428101,0.5030226,0.4062271,0.2336917,0.3636508,0.2245487,0.5469501,0.2802263,0.2803586,0.328175,0.4468089,0.3989306],"ans":[1,1,1,1,1,1,1,1,1,1,1,1,1,1,1,1,1,1,1,0,1,1,1,0,0,0,1,1,1,0,1,1,1,0,1,0,0,0,1,1,1,1,1,1,1,1,0,0,0,0,0,0,0,0,0,0,0,0,0,0,0,0,0,0,0,0,0,0,0,0,0,0,1,0,0,0,0,0],"selected":1}