{"RT":[0.4245993,0.4511241,0.3561713,0.2811179,0.9135049,0.3522285,0.4454131,0.1106849,0.4931496,0.7965183,0.7761622,0.1405354,0.2505167,0.291791,0.5477244,0.3692839,0.6379012,0.5040486,0.0951283,0.5660115,0.3390725,0.1527073,0.421865,0.1444186,0.2856576,0.3816823,0.3053201,0.3689716,0.581359,0.3854317,0.5091461,0.8368323,0.8387138,0.3448751,0.8378099,0.4961745,0.3593136,0.3405235,0.9946352,0.5428901,2.0118168,0.6307214,0.5840807,0.3717833,0.6326681,0.4584072,0.5798009,0.3198826,0.5105657,0.908997,0.3167143,0.2831436,0.5231778,0.289517,0.3848721,0.2370695,0.2388813,0.4247229,0.5076458,0.2350069,0.000254,0.4712989,0.4401478,0.6670442,0.6031634,0.5098194,0.5092185,0.2922752,0.2523861,0.6617611,0.4786218,0.135053,0.4930866,0.2931057,0.1011564,0.3565196,0.8018745,0.3892009],"ans":[1,1,1,1,0,1,1,1,1,1,1,1,1,1,1,1,1,0,1,0,0,1,0,1,1,1,1,0,0,1,1,0,0,0,1,0,0,0,1,0,1,1,0,0,0,1,0,1,1,1,0,0,0,0,1,0,1,1,0,1,1,1,1,1,1,1,1,1,0,1,1,1,1,0,1,1,0,1],"selected":4}