{"RT":[0.6428009,0.3797275,0.4469323,0.2723825,0.3362379,0.7981755,0.3619402,0.6142085,0.2089732,0.7965162,0.3834956,0.8993168,0.7625811,0.2320526,0.0333049,0.2435123,0.540329,0.8499768,0.2024226,1.1739866,0.6507372,1.0117037,0.7827794,0.5306322,0.263732,1.5518208,0.2450971,0.4621828,1.1187647,0.245766,0.559667,0.2443879,0.4208538,0.3754734,0.8599655,1.2133467,0.3202598,0.2229595,0.3606557,0.4053503,0.3208192,0.270542,1.0155305,0.3221429,0.3205246,0.2788134,0.3267691,0.2447841,0.2460276,0.3432961,0.0288172,0.390393,0.274636,0.3790174,0.231206,0.385077,0.2610277,0.4053186,0.2885049,0.4561573,0.2574284,0.4350358,0.1335428,0.3230577,0.000276,0.7487051,0.3134972,0.3443488,0.4056063,0.4085249,0.4834074,0.4675898,0.6760097,0.3888474,0.5361072,0.6062856,1.1776317,0.6127102],"ans":[0,1,1,1,1,0,1,1,1,1,0,1,0,1,1,0,0,0,1,0,0,0,0,1,1,0,1,0,0,1,0,0,1,1,1,0,1,1,1,1,0,0,0,1,0,0,0,1,1,0,1,1,1,0,1,0,1,0,1,1,1,0,1,1,1,1,0,1,0,1,1,1,1,0,1,1,1,0],"selected":4}