{"RT":[0.6102212,0.4361412,0.19752,0.2333762,0.4109182,0.3494378,0.3381927,0.071915,0.6084408,0.2591961,0.2451506,0.2380952,0.3120748,0.5424509,0.28412,0.3002942,0.8593038,0.2515699,0.2691252,0.2609859,0.2622437,0.2859997,0.19707,0.3363301,0.2543829,0.4638636,0.3998694,0.2033408,0.2467204,1.248021,0.2810234,0.1929518,0.164743,0.1783008,0.3176766,0.0525036,0.0771457,0.3404389,0.0339499,0.1720187,0.448836,0.4183107,0.3967311,0.2646349,0.455622,0.3049982,0.3759316,1.9326734,0.4824052,0.2345493,0.1881558,0.3136931,0.2066271,0.2344197,0.8763301,0.8520679,0.6623701,0.2295305,0.0718331,0.2806658,0.8962968,0.8315411,0.4095872,3.1003859,0.0596642,0.0132742,0.2159647,0.306746,0.4335259,0.4274924,0.2448017,0.8864233,0.2144709,0.2248889,0.1003703,0.0190981,0.1018687,0.4851157],"ans":[1,1,0,0,1,0,0,0,0,0,0,0,0,1,0,0,1,0,0,0,1,1,0,1,0,0,0,0,0,0,0,0,0,0,0,0,0,0,0,0,0,0,0,0,1,1,0,0,0,0,0,0,0,0,1,0,0,0,0,1,0,0,0,0,0,0,0,1,0,0,0,0,0,0,0,0,0,0],"selected":11}