{"RT":[1.6773711,1.0846198,0.6440252,1.0536647,1.4539662,0.9915263,1.4996163,1.0347659,0.4205862,0.4313099,0.7534889,0.9989615,0.3699446,0.9343194,1.0358616,0.4942672,0.3730099,0.2652711,0.227266,0.2369178,0.4139806,0.2730275,0.3856701,0.2698952,0.2546034,0.0796761,0.2316471,0.2980028,0.3211085,0.6953659,1.5025566,0.2545226,1.5913484,0.227409,0.1980434,0.473175,0.072855,0.2572087,0.1140861,0.2805328,0.5447615,0.6299365,0.2555605,0.0571363,0.3451374,0.2384355,0.2638194,0.0002453,0.1236009,0.2904951,0.3943239,0.0932753,0.3002229,0.6430194,0.1817525,0.2484966,0.2739334,0.0023084,0.405989,0.5131333,0.0882722,0.262916,0.1756914,0.6606444,0.2373158,0.030188,0.2241301,0.2674434,0.2835952,0.2037574,0.4388408,0.153001,0.1661921,1.2261206,0.0002402,0.1197448,0.0463833,0.007852],"ans":[1,1,1,1,1,0,0,0,1,1,0,0,1,1,1,0,1,0,0,0,0,0,0,0,0,0,0,0,0,0,0,0,0,0,0,1,0,0,0,0,0,0,0,0,0,0,0,0,0,0,0,0,0,0,0,0,1,0,0,0,0,0,0,0,0,0,0,0,1,0,0,0,0,0,0,0,0,0],"selected":11}